start_time,end_time
2026-03-08 20:19:58,2026-03-08 20:46:48
2026-03-09 07:54:46,2026-03-09 08:27:18
2026-03-09 15:34:45,2026-03-09 16:13:30
2026-03-09 22:23:04,2026-03-09 22:55:03
2026-03-10 05:36:32,2026-03-10 06:07:17
2026-03-10 14:46:50,2026-03-10 15:04:54
2026-03-10 21:15:48,2026-03-10 21:37:36
2026-03-11 07:24:18,2026-03-11 07:48:09
2026-03-11 21:26:39,2026-03-11 21:44:30
2026-03-12 11:43:22,2026-03-12 12:08:06
2026-03-12 22:35:21,2026-03-12 23:17:36
2026-03-13 08:36:32,2026-03-13 09:07:09
2026-03-13 15:12:50,2026-03-13 15:34:18
2026-03-14 02:27:27,2026-03-14 02:59:28
