pass_start,pass_end
2026-02-21 03:13:32,2026-02-21 23:26:45
2026-02-21 10:42:35,2026-02-21 11:02:22
2026-02-21 22:25:57,2026-02-21 22:38:11
2026-02-22 06:10:29,2026-02-22 06:30:52
2026-02-22 12:45:57,2026-02-22 13:18:53
2026-02-23 01:21:19,2026-02-23 01:40:55
2026-02-23 11:34:11,2026-02-23 12:01:37
2026-02-23 17:57:40,2026-02-23 18:11:37
2026-02-24 00:17:42,2026-02-24 00:46:06
2026-02-24 08:31:59,2026-02-24 09:11:30
2026-02-24 19:30:57,2026-02-24 20:09:45
2026-02-25 07:32:47,2026-02-25 14:50:13
2026-02-25 20:27:48,2026-02-25 20:56:23
2026-02-26 03:44:40,2026-02-26 04:29:02
2026-02-26 09:49:57,2026-02-26 10:15:46
